exercise_id,name_es,name_en,category,body_region,exercise_family,primary_pattern,secondary_pattern,movement_angle_deg,muscle_map,region_bias,joint_actions,equipment_type,attachment,body_position,torso_angle_deg,chest_supported,back_supported,grip_orientation,grip_width,elbow_path,laterality,kinetic_chain,is_compound,rom_score,muscle_length_bias,resistance_profile,stability_demand,fatigue_systemic,fatigue_lower_back,fatigue_grip,skill_demand,variant_keys,notes
barbell_bench_press,Press Banca con Barra,Barbell Bench Press,strength,chest,bench_press,horizontal_push,,0,pectoralis_major:1.0|triceps_brachii:0.75|deltoid_anterior:0.60,pectoralis_major.sternal:1.0|pectoralis_major.clavicular:0.55,shoulder:horizontal_adduction|elbow:extension|scapula:retraction_control,barbell,,supine,,false,true,pronated,medium,medium,bilateral,open,true,2,mid,0.5|1.0|0.7,3,4,1,2,3,grip_width|bar_path|pause,
dumbbell_bench_press,Press Banca con Mancuernas,Dumbbell Bench Press,strength,chest,bench_press,horizontal_push,,0,pectoralis_major:1.0|triceps_brachii:0.75|deltoid_anterior:0.60,pectoralis_major.sternal:1.0|pectoralis_major.clavicular:0.55,shoulder:horizontal_adduction|elbow:extension|scapula:retraction_control,dumbbell,,supine,,false,true,neutral_to_pronated,free,medium,bilateral,open,true,3,lengthened,0.5|1.0|0.6,4,4,1,2,3,grip_orientation|elbow_path|rom,
smith_machine_bench_press,Press Banca en Smith,Smith Machine Bench Press,strength,chest,bench_press,horizontal_push,,0,pectoralis_major:1.0|triceps_brachii:0.75|deltoid_anterior:0.60,pectoralis_major.sternal:1.0|pectoralis_major.clavicular:0.55,shoulder:horizontal_adduction|elbow:extension|scapula:retraction_control,smith_machine,,supine,,false,true,pronated,medium,medium,bilateral,open,true,2,mid,0.6|1.0|0.7,2,3,1,2,2,grip_width|bench_position,
machine_chest_press,Press de Pecho en Máquina,Machine Chest Press,strength,chest,machine_chest_press,horizontal_push,,0,pectoralis_major:1.0|triceps_brachii:0.75|deltoid_anterior:0.60,pectoralis_major.sternal:1.0|pectoralis_major.clavicular:0.55,shoulder:horizontal_adduction|elbow:extension|scapula:retraction_control,selectorized_machine,,seated,,false,true,neutral_or_pronated,medium,medium,bilateral,open,true,3,balanced,0.8|1.0|0.8,1,3,1,1,1,seat_height|grip_orientation,
incline_barbell_bench_press,Press Inclinado con Barra,Incline Barbell Bench Press,strength,chest,incline_press,diagonal_push,,30,pectoralis_major:1.0|deltoid_anterior:0.80|triceps_brachii:0.70,pectoralis_major.clavicular:1.0|pectoralis_major.sternal:0.65,shoulder:horizontal_adduction|elbow:extension|scapula:retraction_control,barbell,,incline_supine,30,false,true,pronated,medium,medium,bilateral,open,true,2,mid,0.7|1.0|0.7,3,4,1,2,3,bench_angle|grip_width,
incline_dumbbell_bench_press,Press Inclinado con Mancuernas,Incline Dumbbell Bench Press,strength,chest,incline_press,diagonal_push,,30,pectoralis_major:1.0|deltoid_anterior:0.80|triceps_brachii:0.70,pectoralis_major.clavicular:1.0|pectoralis_major.sternal:0.65,shoulder:horizontal_adduction|elbow:extension|scapula:retraction_control,dumbbell,,incline_supine,30,false,true,neutral_to_pronated,free,medium,bilateral,open,true,3,lengthened,0.7|1.0|0.7,4,4,1,2,3,bench_angle|grip_orientation|elbow_path,
incline_smith_machine_press,Press Inclinado en Smith,Incline Smith Machine Press,strength,chest,incline_press,diagonal_push,,30,pectoralis_major:1.0|deltoid_anterior:0.80|triceps_brachii:0.70,pectoralis_major.clavicular:1.0|pectoralis_major.sternal:0.65,shoulder:horizontal_adduction|elbow:extension|scapula:retraction_control,smith_machine,,incline_supine,30,false,true,pronated,medium,medium,bilateral,open,true,2,mid,0.7|1.0|0.7,2,3,1,2,2,bench_angle|grip_width,
incline_machine_chest_press,Press Inclinado en Máquina,Incline Machine Chest Press,strength,chest,incline_press,diagonal_push,,30,pectoralis_major:1.0|deltoid_anterior:0.80|triceps_brachii:0.70,pectoralis_major.clavicular:1.0|pectoralis_major.sternal:0.65,shoulder:horizontal_adduction|elbow:extension|scapula:retraction_control,plate_loaded_machine,,incline_seated,30,false,true,neutral_or_pronated,medium,medium,bilateral,open,true,3,balanced,0.8|1.0|0.8,1,3,1,2,1,seat_height|grip_orientation,
decline_barbell_bench_press,Press Declinado con Barra,Decline Barbell Bench Press,strength,chest,decline_press,diagonal_push,,-15,pectoralis_major:1.0|triceps_brachii:0.75|deltoid_anterior:0.60,pectoralis_major.sternal:1.0|pectoralis_major.costal:0.85,shoulder:horizontal_adduction|elbow:extension|scapula:retraction_control,barbell,,decline_supine,-15,false,true,pronated,medium,medium,bilateral,open,true,2,mid,0.7|1.0|0.7,3,4,1,2,3,bench_angle|grip_width,
chest_biased_dip,Fondos con Sesgo a Pecho,Chest-Biased Dip,strength,chest,dip,dip_push,horizontal_push,-35,pectoralis_major:1.0|triceps_brachii:0.80|deltoid_anterior:0.60,pectoralis_major.sternal:1.0|pectoralis_major.costal:0.85,shoulder:extension_to_flexion|elbow:extension|scapula:depression,dip_station,,suspended,25,false,false,neutral,medium,medium,bilateral,closed,true,3,lengthened,0.8|1.0|0.9,4,4,1,3,4,torso_angle|elbow_path|external_load,
mid_cable_fly,Aperturas en Cable a Media Altura,Mid Cable Fly,strength,chest,chest_fly,horizontal_adduction,,0,pectoralis_major:1.0|deltoid_anterior:0.35,pectoralis_major.sternal:1.0,shoulder:horizontal_adduction|elbow:isometric_slight_flexion,cable,single_handles,standing,,false,false,neutral,neutral,fixed_slight_flexion,bilateral,open,false,3,lengthened,0.9|1.0|0.9,3,2,1,1,2,cable_height|torso_angle|stance,
low_to_high_cable_fly,Aperturas en Cable Bajo-Alto,Low-to-High Cable Fly,strength,chest,chest_fly,diagonal_adduction,,30,pectoralis_major:1.0|deltoid_anterior:0.35,pectoralis_major.clavicular:1.0|pectoralis_major.sternal:0.55,shoulder:horizontal_adduction|elbow:isometric_slight_flexion,cable,single_handles,standing,,false,false,neutral,neutral,fixed_slight_flexion,bilateral,open,false,3,lengthened,0.9|1.0|0.9,3,2,1,1,2,cable_height|torso_angle,
pec_deck_fly,Pec Deck,Pec Deck Fly,strength,chest,chest_fly,horizontal_adduction,,0,pectoralis_major:1.0|deltoid_anterior:0.35,pectoralis_major.sternal:1.0,shoulder:horizontal_adduction|elbow:isometric_slight_flexion,selectorized_machine,,seated,,false,true,neutral,neutral,fixed,bilateral,open,false,3,lengthened,0.8|1.0|0.9,1,2,1,1,1,seat_height|rom,
push_up,Flexiones de Brazos,Push-Up,strength,chest,push_up,horizontal_push,,0,pectoralis_major:1.0|triceps_brachii:0.75|deltoid_anterior:0.60,pectoralis_major.sternal:1.0,shoulder:horizontal_adduction|elbow:extension|scapula:protraction,bodyweight,,prone_plank,,false,false,neutral,medium,medium,bilateral,closed,true,2,mid,0.6|0.8|1.0,4,3,1,2,2,hand_width|elevation|external_load,
barbell_bent_over_row,Remo con Barra,Barbell Bent-Over Row,strength,back,horizontal_row,horizontal_pull,,0,latissimus_dorsi:0.85|trapezius_middle:1.0|rhomboids:0.95|deltoid_posterior:0.60|biceps_brachii:0.50,upper_back:1.0|latissimus_dorsi:0.80,shoulder:extension_or_horizontal_abduction|elbow:flexion|scapula:retraction,barbell,,bent_over,45,false,false,pronated,medium,medium,bilateral,open,true,2,mid,0.6|1.0|0.7,5,5,5,4,4,torso_angle|grip_width|elbow_path,
pendlay_row,Remo Pendlay,Pendlay Row,strength,back,horizontal_row,horizontal_pull,,0,latissimus_dorsi:0.85|trapezius_middle:1.0|rhomboids:0.95|deltoid_posterior:0.60|biceps_brachii:0.50,upper_back:1.0|latissimus_dorsi:0.75,shoulder:extension_or_horizontal_abduction|elbow:flexion|scapula:retraction,barbell,,bent_over,15,false,false,pronated,medium,medium,bilateral,open,true,2,mid,0.5|1.0|0.6,5,5,5,4,5,torso_angle|grip_width,
t_bar_row,Remo T-Bar,T-Bar Row,strength,back,horizontal_row,horizontal_pull,,10,latissimus_dorsi:0.85|trapezius_middle:1.0|rhomboids:0.95|deltoid_posterior:0.60|biceps_brachii:0.50,upper_back:0.90|latissimus_dorsi:0.90,shoulder:extension_or_horizontal_abduction|elbow:flexion|scapula:retraction,landmine,tbar_handle,bent_over,45,false,false,neutral,close,tucked,bilateral,open,true,2,mid,0.7|1.0|0.7,4,4,4,4,3,handle|torso_angle,
chest_supported_t_bar_row,Remo T-Bar con Pecho Apoyado,Chest-Supported T-Bar Row,strength,back,horizontal_row,horizontal_pull,,10,latissimus_dorsi:0.85|trapezius_middle:1.0|rhomboids:0.95|deltoid_posterior:0.60|biceps_brachii:0.50,upper_back:0.90|latissimus_dorsi:0.90,shoulder:extension_or_horizontal_abduction|elbow:flexion|scapula:retraction,plate_loaded_machine,neutral_handles,prone_incline,35,true,false,neutral,medium,medium,bilateral,open,true,3,lengthened,0.7|1.0|0.7,1,3,1,3,2,grip_width|elbow_path,
one_arm_dumbbell_row,Remo con Mancuerna a una Mano,One-Arm Dumbbell Row,strength,back,horizontal_row,horizontal_pull,,0,latissimus_dorsi:1.0|trapezius_middle:0.80|rhomboids:0.80|deltoid_posterior:0.50|biceps_brachii:0.55,latissimus_dorsi:1.0|upper_back:0.75,shoulder:extension_or_horizontal_abduction|elbow:flexion|scapula:retraction,dumbbell,,tripod_supported,30,false,false,neutral,single,tucked,unilateral,open,true,3,lengthened,0.7|1.0|0.7,3,3,2,4,2,elbow_path|torso_angle|bench_support,
chest_supported_dumbbell_row,Remo con Mancuernas Pecho Apoyado,Chest-Supported Dumbbell Row,strength,back,horizontal_row,horizontal_pull,,0,latissimus_dorsi:0.85|trapezius_middle:1.0|rhomboids:0.95|deltoid_posterior:0.60|biceps_brachii:0.50,upper_back:1.0|latissimus_dorsi:0.80,shoulder:extension_or_horizontal_abduction|elbow:flexion|scapula:retraction,dumbbell,,prone_incline,30,true,false,neutral,free,medium,bilateral,open,true,3,lengthened,0.7|1.0|0.7,1,3,1,3,2,bench_angle|elbow_path|grip_orientation,
seated_cable_row_neutral_grip,Remo Sentado en Cable Agarre Neutro,Seated Cable Row Neutral Grip,strength,back,seated_cable_row,horizontal_pull,,0,latissimus_dorsi:1.0|trapezius_middle:0.85|rhomboids:0.80|biceps_brachii:0.55|deltoid_posterior:0.45,latissimus_dorsi:1.0|upper_back:0.80,shoulder:extension_or_horizontal_abduction|elbow:flexion|scapula:retraction,cable,close_neutral_handle,seated,90,false,false,neutral,close,tucked,bilateral,open,true,3,lengthened,0.9|1.0|0.9,2,3,2,3,2,attachment|elbow_path|torso_motion,
seated_cable_row_wide_grip,Remo Sentado en Cable Agarre Amplio,Seated Cable Row Wide Grip,strength,back,seated_cable_row,horizontal_pull,,0,trapezius_middle:1.0|rhomboids:0.95|deltoid_posterior:0.80|latissimus_dorsi:0.65|biceps_brachii:0.45,upper_back:1.0|latissimus_dorsi:0.60,shoulder:extension_or_horizontal_abduction|elbow:flexion|scapula:retraction,cable,wide_bar,seated,90,false,false,pronated,wide,flared,bilateral,open,true,3,lengthened,0.9|1.0|0.9,2,3,2,3,2,attachment|elbow_path|grip_width,
chest_supported_machine_row,Remo en Máquina con Pecho Apoyado,Chest-Supported Machine Row,strength,back,machine_row,horizontal_pull,,0,latissimus_dorsi:0.85|trapezius_middle:1.0|rhomboids:0.95|deltoid_posterior:0.60|biceps_brachii:0.50,upper_back:0.95|latissimus_dorsi:0.90,shoulder:extension_or_horizontal_abduction|elbow:flexion|scapula:retraction,plate_loaded_machine,,seated,90,true,false,neutral_or_pronated,medium,medium,bilateral,open,true,3,lengthened,0.8|1.0|0.9,1,3,1,3,1,grip_orientation|elbow_path|seat_height,
iso_lateral_high_row,Remo Alto Iso-Lateral,Iso-Lateral High Row,strength,back,high_row,diagonal_pull,,35,latissimus_dorsi:0.85|trapezius_middle:0.85|rhomboids:0.80|deltoid_posterior:0.75|biceps_brachii:0.50,upper_back:1.0|latissimus_dorsi:0.75,shoulder:extension_and_horizontal_abduction|elbow:flexion|scapula:retraction,plate_loaded_machine,,seated,80,true,false,neutral,medium,medium_to_flared,independent_bilateral,open,true,3,lengthened,0.7|1.0|0.7,1,3,1,3,1,elbow_path|grip|seat_height,
lat_pulldown_pronated_grip,Jalón al Pecho Prono,Lat Pulldown Pronated Grip,strength,back,lat_pulldown,vertical_pull,,80,latissimus_dorsi:1.0|teres_major:0.65|biceps_brachii:0.60|brachialis:0.45|trapezius_lower:0.35,latissimus_dorsi:1.0,shoulder:adduction_or_extension|elbow:flexion|scapula:depression,cable,wide_bar,seated,80,false,false,pronated,medium_wide,downward,bilateral,open,true,3,lengthened,0.9|1.0|0.9,2,3,1,4,2,grip_width|grip_orientation|attachment|torso_angle,
neutral_grip_lat_pulldown,Jalón al Pecho Agarre Neutro,Neutral-Grip Lat Pulldown,strength,back,lat_pulldown,vertical_pull,,80,latissimus_dorsi:1.0|teres_major:0.65|biceps_brachii:0.60|brachialis:0.45|trapezius_lower:0.35,latissimus_dorsi:1.0,shoulder:adduction_or_extension|elbow:flexion|scapula:depression,cable,neutral_handle,seated,80,false,false,neutral,medium,downward_tucked,bilateral,open,true,3,lengthened,0.9|1.0|0.9,2,3,1,3,2,grip_width|attachment|torso_angle,
chin_up,Dominada Supina,Chin-Up,strength,back,pull_up,vertical_pull,,90,latissimus_dorsi:1.0|biceps_brachii:0.80|brachialis:0.55|teres_major:0.60,latissimus_dorsi:1.0,shoulder:adduction_or_extension|elbow:flexion|scapula:depression,pullup_bar,,suspended,,false,false,supinated,shoulder_width,downward_tucked,bilateral,closed,true,3,lengthened,1.0|1.0|1.0,4,4,1,4,4,grip_width|external_load|assistance,
pull_up,Dominada Prona,Pull-Up,strength,back,pull_up,vertical_pull,,90,latissimus_dorsi:1.0|teres_major:0.65|biceps_brachii:0.60|brachialis:0.45|trapezius_lower:0.35,latissimus_dorsi:1.0,shoulder:adduction_or_extension|elbow:flexion|scapula:depression,pullup_bar,,suspended,,false,false,pronated,medium_wide,downward,bilateral,closed,true,3,lengthened,1.0|1.0|1.0,4,4,1,5,4,grip_width|external_load|assistance,
straight_arm_cable_pulldown,Jalón con Brazos Rectos,Straight-Arm Cable Pulldown,strength,back,straight_arm_pulldown,shoulder_extension,,75,latissimus_dorsi:1.0|teres_major:0.55|triceps_long_head:0.20,latissimus_dorsi:1.0,shoulder:extension|elbow:isometric,cable,straight_bar_or_rope,standing,20,false,false,pronated_or_neutral,medium,fixed_slight_flexion,bilateral,open,false,3,lengthened,0.9|1.0|0.9,3,2,2,2,2,attachment|torso_angle|cable_height,
machine_pullover,Pullover en Máquina,Machine Pullover,strength,back,pullover,shoulder_extension,,90,latissimus_dorsi:1.0|teres_major:0.60|pectoralis_major:0.25|triceps_long_head:0.20,latissimus_dorsi:1.0,shoulder:extension|elbow:isometric,selectorized_machine,,seated,,false,true,neutral,medium,fixed,bilateral,open,false,3,lengthened,0.8|1.0|0.9,1,2,1,1,1,seat_height|rom,
dumbbell_pullover,Pullover con Mancuerna,Dumbbell Pullover,strength,back,pullover,shoulder_extension,,90,latissimus_dorsi:0.85|pectoralis_major:0.55|teres_major:0.50|triceps_long_head:0.20,latissimus_dorsi:0.85|pectoralis_major:0.55,shoulder:extension_to_flexion|elbow:isometric,dumbbell,,supine,,false,true,neutral,close,fixed,bilateral,open,false,3,lengthened,0.4|1.0|0.7,3,2,1,2,3,rom|bench_orientation,
meadows_row,Remo Meadows,Meadows Row,strength,back,horizontal_row,diagonal_pull,,20,latissimus_dorsi:1.0|trapezius_middle:0.70|rhomboids:0.65|deltoid_posterior:0.45|biceps_brachii:0.50,latissimus_dorsi:1.0|upper_back:0.65,shoulder:extension_or_horizontal_abduction|elbow:flexion|scapula:retraction,landmine,barbell_sleeve,staggered_bent_over,40,false,false,neutral,single,tucked,unilateral,open,true,3,lengthened,0.7|1.0|0.7,4,4,3,4,4,stance|torso_angle|elbow_path,
barbell_overhead_press,Press Militar con Barra,Barbell Overhead Press,strength,shoulders,overhead_press,vertical_push,,90,deltoid_anterior:1.0|deltoid_lateral:0.55|triceps_brachii:0.75|trapezius_upper:0.25,,shoulder:flexion_and_abduction|elbow:extension|scapula:upward_rotation,barbell,,standing,90,false,false,pronated,medium,under_bar,bilateral,open,true,2,mid,0.7|1.0|0.7,5,5,4,2,4,grip_width|stance|bar_path,
seated_dumbbell_shoulder_press,Press de Hombro con Mancuernas Sentado,Seated Dumbbell Shoulder Press,strength,shoulders,overhead_press,vertical_push,,90,deltoid_anterior:1.0|deltoid_lateral:0.55|triceps_brachii:0.75|trapezius_upper:0.25,,shoulder:flexion_and_abduction|elbow:extension|scapula:upward_rotation,dumbbell,,seated,85,false,true,neutral_to_pronated,free,scapular_plane,bilateral,open,true,3,mid,0.7|1.0|0.7,3,4,1,2,3,grip_orientation|back_angle|elbow_path,
machine_shoulder_press,Press de Hombro en Máquina,Machine Shoulder Press,strength,shoulders,overhead_press,vertical_push,,90,deltoid_anterior:1.0|deltoid_lateral:0.55|triceps_brachii:0.75|trapezius_upper:0.25,,shoulder:flexion_and_abduction|elbow:extension|scapula:upward_rotation,selectorized_machine,,seated,85,false,true,neutral_or_pronated,medium,scapular_plane,bilateral,open,true,3,balanced,0.7|1.0|0.7,1,3,1,1,1,seat_height|grip_orientation,
arnold_press,Press Arnold,Arnold Press,strength,shoulders,overhead_press,vertical_push,,90,deltoid_anterior:1.0|deltoid_lateral:0.55|triceps_brachii:0.75|trapezius_upper:0.25,,shoulder:flexion_abduction_rotation|elbow:extension|scapula:upward_rotation,dumbbell,,seated,85,false,true,rotating,free,rotating,bilateral,open,true,3,balanced,0.7|1.0|0.7,3,4,1,2,4,rom|back_angle,
dumbbell_lateral_raise,Elevación Lateral con Mancuernas,Dumbbell Lateral Raise,strength,shoulders,lateral_raise,shoulder_abduction,,70,deltoid_lateral:1.0|deltoid_anterior:0.20|supraspinatus:0.25|trapezius_upper:0.20,,shoulder:abduction|scapula:upward_rotation,dumbbell,,standing,,false,false,neutral,neutral,slight_flexion,bilateral,open,false,2,mid,0.2|0.8|1.0,3,2,1,1,2,torso_lean|arm_plane|rom,
cable_lateral_raise,Elevación Lateral en Cable,Cable Lateral Raise,strength,shoulders,lateral_raise,shoulder_abduction,,70,deltoid_lateral:1.0|deltoid_anterior:0.20|supraspinatus:0.25|trapezius_upper:0.20,,shoulder:abduction|scapula:upward_rotation,cable,single_handle,standing,,false,false,neutral,neutral,slight_flexion,unilateral,open,false,3,lengthened,0.8|1.0|0.9,3,2,1,1,2,cable_height|body_position|arm_plane,
machine_lateral_raise,Elevación Lateral en Máquina,Machine Lateral Raise,strength,shoulders,lateral_raise,shoulder_abduction,,70,deltoid_lateral:1.0|deltoid_anterior:0.20|supraspinatus:0.25|trapezius_upper:0.20,,shoulder:abduction|scapula:upward_rotation,selectorized_machine,,seated,,false,true,neutral,neutral,fixed,bilateral,open,false,3,balanced,0.7|1.0|0.9,1,2,1,1,1,seat_height|rom,
lean_away_cable_lateral_raise,Elevación Lateral en Cable Inclinado,Lean-Away Cable Lateral Raise,strength,shoulders,lateral_raise,shoulder_abduction,,70,deltoid_lateral:1.0|deltoid_anterior:0.20|supraspinatus:0.25|trapezius_upper:0.20,,shoulder:abduction|scapula:upward_rotation,cable,single_handle,lean_away_standing,10,false,false,neutral,neutral,slight_flexion,unilateral,open,false,3,lengthened,0.9|1.0|0.8,4,2,1,1,3,lean_angle|cable_height,
dumbbell_front_raise,Elevación Frontal,Dumbbell Front Raise,strength,shoulders,front_raise,shoulder_flexion,,80,deltoid_anterior:1.0|pectoralis_major_clavicular:0.30,,shoulder:flexion|scapula:upward_rotation,dumbbell,,standing,,false,false,neutral_or_pronated,neutral,slight_flexion,bilateral,open,false,2,mid,0.2|0.8|1.0,3,2,1,1,2,grip_orientation|alternating,
reverse_pec_deck,Pec Deck Inverso,Reverse Pec Deck,strength,shoulders,rear_delt_fly,horizontal_abduction,,0,deltoid_posterior:1.0|trapezius_middle:0.65|rhomboids:0.55|infraspinatus:0.35,,shoulder:horizontal_abduction|scapula:retraction,selectorized_machine,,seated,,true,false,neutral,neutral,flared_fixed,bilateral,open,false,3,lengthened,0.8|1.0|0.9,1,2,1,1,1,seat_height|arm_position,
bent_over_dumbbell_rear_delt_raise,Pájaros con Mancuernas,Bent-Over Dumbbell Rear Delt Raise,strength,shoulders,rear_delt_fly,horizontal_abduction,,0,deltoid_posterior:1.0|trapezius_middle:0.65|rhomboids:0.55|infraspinatus:0.35,,shoulder:horizontal_abduction|scapula:retraction,dumbbell,,bent_over,30,false,false,neutral,neutral,flared_fixed,bilateral,open,false,2,mid,0.3|0.8|1.0,4,2,3,1,3,torso_angle|arm_path,
cable_rear_delt_fly,Apertura Posterior en Cable,Cable Rear Delt Fly,strength,shoulders,rear_delt_fly,horizontal_abduction,,0,deltoid_posterior:1.0|trapezius_middle:0.65|rhomboids:0.55|infraspinatus:0.35,,shoulder:horizontal_abduction|scapula:retraction,cable,single_handles,standing,,false,false,neutral,neutral,flared_fixed,bilateral,open,false,3,lengthened,0.9|1.0|0.9,3,2,1,1,2,cable_height|crossed_cables,
face_pull,Face Pull,Face Pull,strength,shoulders,face_pull,rear_delt_pull,external_rotation,10,deltoid_posterior:1.0|infraspinatus:0.75|teres_minor:0.65|trapezius_middle:0.60|rhomboids:0.50,,shoulder:horizontal_abduction_and_external_rotation|elbow:flexion|scapula:retraction,cable,rope,standing,,false,false,neutral,wide,high_flared,bilateral,open,true,3,balanced,0.9|1.0|0.9,3,2,1,2,3,cable_height|elbow_height|external_rotation,
barbell_shrug,Encogimientos con Barra,Barbell Shrug,strength,shoulders,shrug,scapular_elevation,,90,trapezius_upper:1.0|levator_scapulae:0.45,,scapula:elevation,barbell,,standing,,false,false,pronated,medium,straight,bilateral,open,false,2,mid,1.0|1.0|1.0,3,3,2,5,1,grip_width|straps|pause,
barbell_curl,Curl con Barra,Barbell Curl,strength,arms,biceps_curl,elbow_flexion,,,biceps_brachii:1.0|brachialis:0.65|brachioradialis:0.40,,elbow:flexion|forearm:supination_control,barbell,,standing,,false,false,supinated,medium,tucked,bilateral,open,false,3,balanced,0.4|1.0|0.7,3,2,1,2,2,grip_width|strictness,
ez_bar_curl,Curl con Barra EZ,EZ-Bar Curl,strength,arms,biceps_curl,elbow_flexion,,,biceps_brachii:1.0|brachialis:0.65|brachioradialis:0.40,,elbow:flexion|forearm:supination_control,ez_bar,,standing,,false,false,semi_supinated,medium,tucked,bilateral,open,false,3,balanced,0.4|1.0|0.7,3,2,1,2,2,grip_width,
dumbbell_curl,Curl con Mancuernas,Dumbbell Curl,strength,arms,biceps_curl,elbow_flexion,,,biceps_brachii:1.0|brachialis:0.65|brachioradialis:0.40,,elbow:flexion|forearm:supination_control,dumbbell,,standing,,false,false,supinated,single,tucked,independent_bilateral,open,false,3,balanced,0.4|1.0|0.7,3,2,1,2,2,alternating|supination,
hammer_curl,Curl Martillo,Hammer Curl,strength,arms,hammer_curl,elbow_flexion,,,brachialis:1.0|brachioradialis:0.90|biceps_brachii:0.65,,elbow:flexion,dumbbell,,standing,,false,false,neutral,single,tucked,independent_bilateral,open,false,3,balanced,0.4|1.0|0.7,3,2,1,3,2,alternating|cross_body,
incline_dumbbell_curl,Curl Inclinado con Mancuernas,Incline Dumbbell Curl,strength,arms,biceps_curl,elbow_flexion,,,biceps_brachii:1.0|brachialis:0.65|brachioradialis:0.40,,elbow:flexion|forearm:supination_control,dumbbell,,incline_seated,45,false,true,supinated,single,behind_torso,independent_bilateral,open,false,3,lengthened,0.4|1.0|0.6,2,2,1,2,2,bench_angle|supination,
preacher_curl,Curl Predicador,Preacher Curl,strength,arms,preacher_curl,elbow_flexion,,,biceps_brachii:1.0|brachialis:0.65|brachioradialis:0.40,,elbow:flexion|forearm:supination_control,ez_bar,,seated,,true,false,semi_supinated,medium,in_front,bilateral,open,false,3,lengthened,0.7|1.0|0.5,1,2,1,2,1,equipment|grip_width|rom,
standing_cable_curl,Curl en Cable de Pie,Standing Cable Curl,strength,arms,cable_curl,elbow_flexion,,,biceps_brachii:1.0|brachialis:0.65|brachioradialis:0.40,,elbow:flexion|forearm:supination_control,cable,straight_bar,standing,,false,false,supinated,medium,tucked,bilateral,open,false,3,balanced,0.9|1.0|0.9,3,2,1,2,2,attachment|cable_height,
bayesian_cable_curl,Curl Bayesiano,Bayesian Cable Curl,strength,arms,cable_curl,elbow_flexion,,,biceps_brachii:1.0|brachialis:0.65|brachioradialis:0.40,,elbow:flexion|forearm:supination_control,cable,single_handle,standing,,false,false,supinated,single,behind_torso,unilateral,open,false,3,lengthened,0.9|1.0|0.9,3,2,1,2,2,cable_height|shoulder_extension,
spider_curl,Curl Spider,Spider Curl,strength,arms,spider_curl,elbow_flexion,,,biceps_brachii:1.0|brachialis:0.65|brachioradialis:0.40,,elbow:flexion|forearm:supination_control,dumbbell,,prone_incline,45,true,false,supinated,single,in_front,independent_bilateral,open,false,3,shortened_bias,0.4|1.0|0.8,1,2,1,2,2,equipment|bench_angle,
reverse_curl,Curl Inverso,Reverse Curl,strength,arms,reverse_curl,elbow_flexion,,,brachioradialis:1.0|brachialis:0.85|biceps_brachii:0.35|wrist_extensors:0.40,,elbow:flexion|forearm:pronation_isometric,ez_bar,,standing,,false,false,pronated,medium,tucked,bilateral,open,false,3,balanced,0.4|1.0|0.7,3,2,1,4,2,equipment|grip_width,
straight_bar_triceps_pushdown,Extensión de Tríceps en Polea con Barra,Straight-Bar Triceps Pushdown,strength,arms,triceps_pushdown,elbow_extension,,,triceps_brachii:1.0|anconeus:0.25,,elbow:extension,cable,straight_bar,standing,,false,false,pronated,medium,tucked,bilateral,open,false,3,mid,0.9|1.0|0.9,3,2,1,1,1,attachment|grip_width,
rope_triceps_pushdown,Extensión de Tríceps en Polea con Cuerda,Rope Triceps Pushdown,strength,arms,triceps_pushdown,elbow_extension,,,triceps_brachii:1.0|anconeus:0.25,,elbow:extension,cable,rope,standing,,false,false,neutral,medium,tucked,bilateral,open,false,3,mid,0.9|1.0|0.9,3,2,1,1,1,attachment|end_range_separation,
overhead_rope_triceps_extension,Extensión de Tríceps sobre Cabeza con Cuerda,Overhead Rope Triceps Extension,strength,arms,overhead_triceps_extension,elbow_extension,,,triceps_brachii:1.0|anconeus:0.25,triceps_long_head:1.0|triceps_lateral_head:0.70|triceps_medial_head:0.70,elbow:extension,cable,rope,standing,,false,false,neutral,medium,overhead,bilateral,open,false,3,lengthened,0.9|1.0|0.9,3,2,1,1,2,cable_height|torso_angle,
single_arm_overhead_cable_triceps_extension,Extensión Unilateral sobre Cabeza en Cable,Single-Arm Overhead Cable Triceps Extension,strength,arms,overhead_triceps_extension,elbow_extension,,,triceps_brachii:1.0|anconeus:0.25,triceps_long_head:1.0|triceps_lateral_head:0.70|triceps_medial_head:0.70,elbow:extension,cable,single_handle,standing,,false,false,neutral,single,overhead,unilateral,open,false,3,lengthened,0.9|1.0|0.9,3,2,1,1,2,cable_height|arm_position,
ez_bar_skull_crusher,Rompecráneos con Barra EZ,EZ-Bar Skull Crusher,strength,arms,lying_triceps_extension,elbow_extension,,,triceps_brachii:1.0|anconeus:0.25,,elbow:extension,ez_bar,,supine,,false,true,semi_pronated,medium,in_front_to_overhead,bilateral,open,false,3,lengthened,0.5|1.0|0.6,2,2,1,2,3,arm_angle|bar_path,
dumbbell_french_press,Press Francés con Mancuerna,Dumbbell French Press,strength,arms,overhead_triceps_extension,elbow_extension,,,triceps_brachii:1.0|anconeus:0.25,,elbow:extension,dumbbell,,seated,,false,true,neutral,close,overhead,bilateral,open,false,3,lengthened,0.4|1.0|0.6,2,2,1,2,3,single_or_two_hand|back_support,
close_grip_bench_press,Press Banca Agarre Cerrado,Close-Grip Bench Press,strength,arms,close_grip_press,horizontal_push,,,triceps_brachii:1.0|pectoralis_major:0.70|deltoid_anterior:0.55,,shoulder:horizontal_adduction|elbow:extension|scapula:retraction_control,barbell,,supine,,false,true,pronated,close,tucked,bilateral,open,true,2,mid,0.5|1.0|0.7,3,4,1,2,3,grip_width|pause,
triceps_biased_dip,Fondos con Sesgo a Tríceps,Triceps-Biased Dip,strength,arms,dip,dip_push,elbow_extension,-20,triceps_brachii:1.0|pectoralis_major:0.65|deltoid_anterior:0.45,,shoulder:extension_to_flexion|elbow:extension|scapula:depression,dip_station,,suspended,5,false,false,neutral,medium,tucked,bilateral,closed,true,3,lengthened,0.7|1.0|0.7,4,4,1,3,4,torso_angle|external_load,
machine_dip,Fondos en Máquina,Machine Dip,strength,arms,machine_dip,dip_push,elbow_extension,,triceps_brachii:1.0|pectoralis_major:0.60|deltoid_anterior:0.40,,shoulder:extension_to_flexion|elbow:extension,selectorized_machine,,seated,,false,true,neutral,medium,tucked,bilateral,open,true,3,balanced,0.8|1.0|0.9,1,3,1,1,1,seat_height|torso_angle,
cross_body_cable_triceps_extension,Extensión Cruzada de Tríceps en Cable,Cross-Body Cable Triceps Extension,strength,arms,triceps_cable_extension,elbow_extension,,,triceps_brachii:1.0|anconeus:0.25,,elbow:extension,cable,single_handle,standing,,false,false,neutral,single,across_body,unilateral,open,false,3,mid,0.9|1.0|0.9,3,2,1,1,2,cable_height|arm_angle,
barbell_back_squat,Sentadilla Trasera,Barbell Back Squat,strength,legs,squat,squat,,,quadriceps:1.0|gluteus_maximus:0.75|adductors:0.45|erector_spinae:0.35,,knee:extension|hip:extension|ankle:plantarflexion_control,barbell,,standing,65,false,false,pronated,wide,bar_support,bilateral,closed,true,3,lengthened,0.8|1.0|0.8,5,5,4,1,5,bar_position|stance_width|depth|heel_elevation,
front_squat,Sentadilla Frontal,Front Squat,strength,legs,squat,squat,,,quadriceps:1.0|gluteus_maximus:0.65|adductors:0.40|erector_spinae:0.35,,knee:extension|hip:extension|ankle:plantarflexion_control,barbell,,standing,80,false,false,front_rack,shoulder_width,front_rack,bilateral,closed,true,3,lengthened,0.7|1.0|0.7,5,5,3,1,5,grip_style|stance_width|depth,
smith_machine_squat,Sentadilla en Smith,Smith Machine Squat,strength,legs,squat,squat,,,quadriceps:1.0|gluteus_maximus:0.75|adductors:0.45|erector_spinae:0.35,,knee:extension|hip:extension|ankle:plantarflexion_control,smith_machine,,standing,70,false,false,bar_support,wide,bar_support,bilateral,closed,true,3,lengthened,0.7|1.0|0.7,2,4,3,1,2,foot_position|stance_width|depth,
hack_squat,Hack Squat,Hack Squat,strength,legs,hack_squat,squat,,,quadriceps:1.0|gluteus_maximus:0.65|adductors:0.35,,knee:extension|hip:extension|ankle:plantarflexion_control,plate_loaded_machine,,inclined_supported,75,false,true,handles,neutral,support,bilateral,closed,true,3,lengthened,0.8|1.0|0.9,1,4,1,1,2,foot_position|stance_width|depth,
pendulum_squat,Pendulum Squat,Pendulum Squat,strength,legs,pendulum_squat,squat,,,quadriceps:1.0|gluteus_maximus:0.70|adductors:0.35,,knee:extension|hip:extension|ankle:plantarflexion_control,plate_loaded_machine,,supported_arc,80,false,true,handles,neutral,support,bilateral,closed,true,3,lengthened,0.9|1.0|0.8,1,4,1,1,2,foot_position|stance_width|depth,
belt_squat,Belt Squat,Belt Squat,strength,legs,belt_squat,squat,,,quadriceps:1.0|gluteus_maximus:0.70|adductors:0.40,,knee:extension|hip:extension|ankle:plantarflexion_control,belt_squat_machine,,standing,80,false,false,handles_optional,neutral,free,bilateral,closed,true,3,lengthened,0.9|1.0|0.9,2,4,1,1,2,stance_width|depth|hand_support,
45_degree_leg_press,Prensa 45 Grados,45-Degree Leg Press,strength,legs,leg_press,squat,,,quadriceps:1.0|gluteus_maximus:0.75|adductors:0.40,,knee:extension|hip:extension|ankle:plantarflexion_control,plate_loaded_machine,,reclined,45,false,true,handles,neutral,support,bilateral,closed,true,3,lengthened,0.7|1.0|0.7,1,4,1,1,2,foot_position|stance_width|depth,
horizontal_leg_press,Prensa Horizontal,Horizontal Leg Press,strength,legs,leg_press,squat,,,quadriceps:1.0|gluteus_maximus:0.65|adductors:0.35,,knee:extension|hip:extension|ankle:plantarflexion_control,selectorized_machine,,seated,90,false,true,handles,neutral,support,bilateral,closed,true,3,lengthened,0.7|1.0|0.7,1,3,1,1,1,foot_position|stance_width|depth,
goblet_squat,Sentadilla Goblet,Goblet Squat,strength,legs,goblet_squat,squat,,,quadriceps:1.0|gluteus_maximus:0.65|adductors:0.35|core:0.40,,knee:extension|hip:extension|ankle:plantarflexion_control,dumbbell,,standing,80,false,false,neutral,close,front_load,bilateral,closed,true,3,lengthened,0.7|1.0|0.7,4,4,2,3,2,heel_elevation|stance_width|depth,
bulgarian_split_squat_quad_bias,Sentadilla Búlgara - Sesgo Cuádriceps,Bulgarian Split Squat - Quad Bias,strength,legs,split_squat,lunge,,,quadriceps:1.0|gluteus_maximus:0.65|adductors:0.35,,knee:extension|hip:extension,dumbbell,,split_stance_rear_elevated,80,false,false,neutral,single_each,arms_down,unilateral,closed,true,3,lengthened,0.7|1.0|0.7,5,4,1,3,4,torso_angle|stance_length|heel_elevation,
split_squat,Split Squat,Split Squat,strength,legs,split_squat,lunge,,,quadriceps:0.90|gluteus_maximus:0.80|adductors:0.35,,knee:extension|hip:extension,dumbbell,,split_stance,75,false,false,neutral,single_each,arms_down,unilateral,closed,true,3,lengthened,0.7|1.0|0.7,4,4,1,3,3,torso_angle|stance_length|load_position,
reverse_lunge,Zancada Inversa,Reverse Lunge,strength,legs,lunge,lunge,,,quadriceps:0.90|gluteus_maximus:0.85|adductors:0.35,,knee:extension|hip:extension,dumbbell,,dynamic_split_stance,75,false,false,neutral,single_each,arms_down,alternating,closed,true,3,lengthened,0.7|1.0|0.7,5,4,1,3,4,step_length|torso_angle|load_position,
leg_extension,Extensión de Rodilla en Máquina,Leg Extension,strength,legs,leg_extension,knee_extension,,,quadriceps:1.0,rectus_femoris:0.85|vastus_lateralis:1.0|vastus_medialis:1.0,knee:extension,selectorized_machine,,seated,,false,true,handles,neutral,support,bilateral,open,false,3,balanced,0.8|1.0|0.9,1,2,1,1,1,seat_position|toe_angle|unilateral,
barbell_romanian_deadlift,Peso Muerto Rumano con Barra,Barbell Romanian Deadlift,strength,legs,romanian_deadlift,hip_hinge,,,hamstrings:1.0|gluteus_maximus:0.85|erector_spinae:0.55|adductor_magnus:0.35,,hip:extension|knee:isometric_slight_flexion|spine:stabilization,barbell,,standing_hinge,30,false,false,pronated_or_mixed,medium,straight,bilateral,closed,true,3,lengthened,0.8|1.0|0.7,5,5,4,5,4,stance_width|rom|grip|straps,
dumbbell_romanian_deadlift,Peso Muerto Rumano con Mancuernas,Dumbbell Romanian Deadlift,strength,legs,romanian_deadlift,hip_hinge,,,hamstrings:1.0|gluteus_maximus:0.85|erector_spinae:0.55|adductor_magnus:0.35,,hip:extension|knee:isometric_slight_flexion|spine:stabilization,dumbbell,,standing_hinge,30,false,false,neutral,single_each,straight,bilateral,closed,true,3,lengthened,0.8|1.0|0.7,5,4,4,5,3,stance_width|rom,
stiff_leg_deadlift,Peso Muerto Piernas Rígidas,Stiff-Leg Deadlift,strength,legs,stiff_leg_deadlift,hip_hinge,,,hamstrings:1.0|gluteus_maximus:0.75|erector_spinae:0.60,,hip:extension|knee:isometric_slight_flexion|spine:stabilization,barbell,,standing_hinge,25,false,false,pronated_or_mixed,medium,straight,bilateral,closed,true,3,lengthened,0.7|1.0|0.7,5,5,5,5,5,knee_angle|rom|stance_width,
barbell_good_morning,Buenos Días con Barra,Barbell Good Morning,strength,legs,good_morning,hip_hinge,,,hamstrings:1.0|gluteus_maximus:0.85|erector_spinae:0.55|adductor_magnus:0.35,,hip:extension|knee:isometric_slight_flexion|spine:stabilization,barbell,,standing_hinge,30,false,false,bar_support,wide,bar_support,bilateral,closed,true,3,lengthened,0.7|1.0|0.7,5,5,5,1,5,bar_position|knee_angle|rom,
seated_leg_curl,Curl Femoral Sentado,Seated Leg Curl,strength,legs,leg_curl,knee_flexion,,,hamstrings:1.0|gastrocnemius:0.25,biceps_femoris_long_head:1.0|semitendinosus:1.0|semimembranosus:1.0,knee:flexion,selectorized_machine,,seated,90,false,true,handles,neutral,support,bilateral,open,false,3,lengthened,0.8|1.0|0.9,1,2,1,1,1,hip_angle|unilateral,
lying_leg_curl,Curl Femoral Tumbado,Lying Leg Curl,strength,legs,leg_curl,knee_flexion,,,hamstrings:1.0|gastrocnemius:0.25,,knee:flexion,selectorized_machine,,prone,0,false,false,handles,neutral,support,bilateral,open,false,3,balanced,0.8|1.0|0.9,1,2,1,1,1,pad_position|unilateral,
standing_single_leg_curl,Curl Femoral de Pie Unilateral,Standing Single-Leg Curl,strength,legs,leg_curl,knee_flexion,,,hamstrings:1.0|gastrocnemius:0.25,,knee:flexion,selectorized_machine,,standing_supported,90,true,false,handles,neutral,support,unilateral,open,false,3,balanced,0.8|1.0|0.9,2,2,1,1,1,hip_angle|pad_position,
nordic_hamstring_curl,Curl Nórdico,Nordic Hamstring Curl,strength,legs,nordic_curl,knee_flexion,,,hamstrings:1.0|gastrocnemius:0.20|gluteus_maximus:0.20,,knee:flexion_eccentric|hip:isometric_extension,bodyweight,,kneeling,0,false,false,free,neutral,free,bilateral,closed,false,3,lengthened,1.0|1.0|1.0,4,3,1,1,4,assistance|rom|hip_position,
45_degree_back_extension_hamstring_bias,Hiperextensión 45° con Sesgo Femoral,45-Degree Back Extension - Hamstring Bias,strength,legs,back_extension,hip_hinge,,,hamstrings:1.0|gluteus_maximus:0.75|erector_spinae:0.45,,hip:extension|spine:stabilization,back_extension_bench,,inclined_prone,45,false,false,free_or_loaded,neutral,free,bilateral,closed,true,3,lengthened,0.7|1.0|0.7,2,3,3,1,2,upper_back_rounding|foot_position|external_load,
barbell_hip_thrust,Hip Thrust con Barra,Barbell Hip Thrust,strength,glutes,hip_thrust,hip_extension,,,gluteus_maximus:1.0|hamstrings:0.50|adductors:0.25|core:0.25,,hip:extension|pelvis:posterior_tilt_control,barbell,,upper_back_supported,20,false,true,bar_support,medium,support,bilateral,closed,true,2,shortened_bias,0.7|0.9|1.0,2,4,1,1,2,stance_width|foot_position|pause,
smith_machine_hip_thrust,Hip Thrust en Smith,Smith Machine Hip Thrust,strength,glutes,hip_thrust,hip_extension,,,gluteus_maximus:1.0|hamstrings:0.50|adductors:0.25|core:0.25,,hip:extension|pelvis:posterior_tilt_control,smith_machine,,upper_back_supported,20,false,true,bar_support,medium,support,bilateral,closed,true,2,shortened_bias,0.7|0.9|1.0,1,3,1,1,1,stance_width|foot_position|bench_height,
glute_bridge,Puente de Glúteos,Glute Bridge,strength,glutes,glute_bridge,hip_extension,,,gluteus_maximus:1.0|hamstrings:0.50|adductors:0.25|core:0.25,,hip:extension|pelvis:posterior_tilt_control,bodyweight_or_barbell,,supine,0,false,true,free,neutral,free,bilateral,closed,true,2,shortened_bias,0.6|0.8|1.0,2,2,1,1,1,external_load|stance_width|single_leg,
cable_pull_through,Pull-Through en Cable,Cable Pull-Through,strength,glutes,cable_pull_through,hip_hinge,,,gluteus_maximus:1.0|hamstrings:0.70|erector_spinae:0.25,,hip:extension|spine:stabilization,cable,rope,standing_hinge,35,false,false,neutral,close,arms_between_legs,bilateral,closed,true,3,lengthened,0.9|1.0|0.9,4,3,2,2,3,stance_width|cable_distance|rom,
45_degree_back_extension_glute_bias,Hiperextensión 45° con Sesgo Glúteo,45-Degree Back Extension - Glute Bias,strength,glutes,back_extension,hip_extension,,,gluteus_maximus:1.0|hamstrings:0.65|erector_spinae:0.30,,hip:extension|spine:stabilization,back_extension_bench,,inclined_prone,45,false,false,free_or_loaded,neutral,free,bilateral,closed,true,3,lengthened,0.7|1.0|0.7,2,3,2,1,2,upper_back_rounding|foot_rotation|external_load,
reverse_hyperextension,Hiperextensión Inversa,Reverse Hyperextension,strength,glutes,reverse_hyper,hip_extension,,,gluteus_maximus:1.0|hamstrings:0.70|erector_spinae:0.30,,hip:extension|spine:stabilization,reverse_hyper_machine,,prone_supported,0,true,false,handles,neutral,support,bilateral,open,true,3,lengthened,0.7|1.0|0.9,1,3,2,1,2,rom|swing_control,
cable_glute_kickback,Patada de Glúteo en Cable,Cable Glute Kickback,strength,glutes,glute_kickback,hip_extension,,,gluteus_maximus:1.0|hamstrings:0.25,,hip:extension,cable,ankle_strap,standing_supported,30,false,false,support,neutral,support,unilateral,open,false,3,balanced,0.9|1.0|0.9,3,2,1,1,2,torso_angle|knee_angle|cable_height,
high_step_up_glute_bias,Step-Up Alto con Sesgo Glúteo,High Step-Up - Glute Bias,strength,glutes,step_up,lunge,,,gluteus_maximus:1.0|quadriceps:0.75|adductors:0.35,,hip:extension|knee:extension,dumbbell,,step_stance,55,false,false,neutral,single_each,arms_down,unilateral,closed,true,3,lengthened,0.7|1.0|0.7,5,4,1,3,4,step_height|torso_angle|load_position,
bulgarian_split_squat_glute_bias,Sentadilla Búlgara - Sesgo Glúteo,Bulgarian Split Squat - Glute Bias,strength,glutes,split_squat,lunge,,,gluteus_maximus:1.0|quadriceps:0.80|adductors:0.40,,hip:extension|knee:extension,dumbbell,,split_stance_rear_elevated,55,false,false,neutral,single_each,arms_down,unilateral,closed,true,3,lengthened,0.7|1.0|0.7,5,4,1,3,4,torso_angle|stance_length|load_position,
standing_calf_raise,Elevación de Talones de Pie,Standing Calf Raise,strength,legs,calf_raise,calf_raise,,,gastrocnemius:1.0|soleus:0.65,,ankle:plantarflexion,calf_machine,,standing_supported,,false,false,handles,neutral,support,bilateral,open,false,3,lengthened,0.8|1.0|0.9,2,2,1,1,1,foot_angle|pause|unilateral,
seated_calf_raise,Elevación de Talones Sentado,Seated Calf Raise,strength,legs,calf_raise,calf_raise,,,soleus:1.0|gastrocnemius:0.35,,ankle:plantarflexion,calf_machine,,seated,,false,false,handles,neutral,support,bilateral,open,false,3,lengthened,0.8|1.0|0.9,1,2,1,1,1,foot_angle|pause,
leg_press_calf_raise,Gemelos en Prensa,Leg Press Calf Raise,strength,legs,calf_raise,calf_raise,,,gastrocnemius:1.0|soleus:0.65,,ankle:plantarflexion,leg_press_machine,,reclined,,false,true,handles,neutral,support,bilateral,open,false,3,lengthened,0.9|1.0|0.9,1,2,1,1,1,foot_angle|knee_angle,
donkey_calf_raise,Elevación Donkey,Donkey Calf Raise,strength,legs,calf_raise,calf_raise,,,gastrocnemius:1.0|soleus:0.65,,ankle:plantarflexion,donkey_calf_machine,,bent_supported,20,false,true,handles,neutral,support,bilateral,open,false,3,lengthened,0.8|1.0|0.9,1,2,1,1,1,foot_angle|pause,
single_leg_standing_calf_raise,Elevación de Talón Unilateral,Single-Leg Standing Calf Raise,strength,legs,calf_raise,calf_raise,,,gastrocnemius:1.0|soleus:0.65,,ankle:plantarflexion,bodyweight_or_dumbbell,,standing_supported,,false,false,support,single,support,unilateral,open,false,3,lengthened,1.0|1.0|1.0,3,2,1,2,2,external_load|support|foot_angle,
tibialis_raise,Elevación de Tibial Anterior,Tibialis Raise,strength,legs,tibialis_raise,ankle_dorsiflexion,,,tibialis_anterior:1.0,,ankle:dorsiflexion,bodyweight_or_machine,,standing_supported,,false,false,support,neutral,support,bilateral,open,false,3,balanced,0.7|1.0|0.9,2,1,1,1,1,machine_or_wall|stance_distance,
machine_hip_abduction,Abducción de Cadera en Máquina,Machine Hip Abduction,strength,glutes,hip_abduction,hip_abduction,,,gluteus_medius:1.0|gluteus_minimus:0.70|tensor_fasciae_latae:0.45,,hip:abduction,selectorized_machine,,seated,,false,true,handles,neutral,support,bilateral,open,false,3,balanced,0.8|1.0|0.9,1,2,1,1,1,torso_angle|hip_rotation,
cable_hip_abduction,Abducción de Cadera en Cable,Cable Hip Abduction,strength,glutes,hip_abduction,hip_abduction,,,gluteus_medius:1.0|gluteus_minimus:0.70|tensor_fasciae_latae:0.45,,hip:abduction,cable,ankle_strap,standing_supported,,false,false,support,neutral,support,unilateral,open,false,3,balanced,0.9|1.0|0.9,3,2,1,1,2,cable_height|hip_rotation|torso_angle,
banded_hip_abduction,Abducción de Cadera con Banda,Banded Hip Abduction,strength,glutes,hip_abduction,hip_abduction,,,gluteus_medius:1.0|gluteus_minimus:0.60|tensor_fasciae_latae:0.40,,hip:abduction,resistance_band,,standing_or_seated,,false,false,free,neutral,free,bilateral,open,false,2,shortened_bias,0.4|0.7|1.0,3,1,1,1,1,band_position|body_position,
machine_hip_adduction,Aducción de Cadera en Máquina,Machine Hip Adduction,strength,legs,hip_adduction,hip_adduction,,,adductors:1.0|gracilis:0.65|pectineus:0.45,,hip:adduction,selectorized_machine,,seated,,false,true,handles,neutral,support,bilateral,open,false,3,lengthened,0.8|1.0|0.9,1,2,1,1,1,starting_abduction|torso_angle,
cable_hip_adduction,Aducción de Cadera en Cable,Cable Hip Adduction,strength,legs,hip_adduction,hip_adduction,,,adductors:1.0|gracilis:0.65|pectineus:0.45,,hip:adduction,cable,ankle_strap,standing_supported,,false,false,support,neutral,support,unilateral,open,false,3,lengthened,0.9|1.0|0.9,3,2,1,1,2,cable_height|stance,
copenhagen_plank,Plancha Copenhagen,Copenhagen Plank,strength,legs,copenhagen_plank,hip_adduction,anti_lateral_flexion,,adductors:1.0|obliques:0.75|gluteus_medius:0.35,,hip:adduction_isometric|spine:anti_lateral_flexion,bench,,side_plank,,false,false,forearm_support,neutral,support,unilateral,closed,true,1,mid,1.0|1.0|1.0,5,3,1,1,4,lever_length|support_point,
cable_crunch,Crunch en Cable,Cable Crunch,core,core,trunk_flexion,trunk_flexion,,,rectus_abdominis:1.0|obliques:0.40,,spine:flexion,cable,rope,kneeling,,false,false,neutral,medium,fixed,bilateral,open,false,3,balanced,0.9|1.0|0.9,2,2,1,1,2,cable_height|pelvic_position,
machine_crunch,Crunch en Máquina,Machine Crunch,core,core,trunk_flexion,trunk_flexion,,,rectus_abdominis:1.0|obliques:0.35,,spine:flexion,selectorized_machine,,seated,,false,true,handles,neutral,support,bilateral,open,false,3,balanced,0.8|1.0|0.9,1,2,1,1,1,seat_height|rom,
floor_crunch,Crunch en Suelo,Floor Crunch,core,core,trunk_flexion,trunk_flexion,,,rectus_abdominis:1.0|obliques:0.30,,spine:flexion,bodyweight,,supine,,false,true,free,neutral,free,bilateral,open,false,2,mid,0.5|0.8|1.0,1,1,1,1,1,arm_position|external_load,
reverse_crunch,Crunch Inverso,Reverse Crunch,core,core,trunk_flexion,posterior_pelvic_tilt,,,rectus_abdominis:1.0|obliques:0.35|hip_flexors:0.25,,pelvis:posterior_tilt|spine:flexion,bodyweight,,supine,,false,true,floor_support,neutral,support,bilateral,open,false,2,mid,0.6|0.8|1.0,2,2,1,1,2,leg_position|bench_incline,
hanging_leg_raise,Elevación de Piernas Colgado,Hanging Leg Raise,core,core,leg_raise,hip_flexion,,,rectus_abdominis:0.85|hip_flexors:1.0|obliques:0.45|forearm_flexors:0.35,,hip:flexion|pelvis:posterior_tilt|spine:stabilization,pullup_bar,,suspended,,false,false,pronated,medium,straight,bilateral,open,true,3,balanced,1.0|1.0|1.0,5,3,1,5,4,knee_bend|pelvic_curl|straps,
ab_wheel_rollout,Rueda Abdominal,Ab Wheel Rollout,core,core,rollout,anti_extension,,,rectus_abdominis:1.0|obliques:0.65|latissimus_dorsi:0.45|serratus_anterior:0.40,,spine:anti_extension|shoulder:flexion_extension_control,ab_wheel,,kneeling,,false,false,neutral,medium,straight,bilateral,closed,true,3,lengthened,0.7|1.0|1.0,5,4,3,2,5,kneeling_or_standing|rom,
front_plank,Plancha,Front Plank,core,core,plank,anti_extension,,,rectus_abdominis:1.0|obliques:0.70|gluteus_maximus:0.35,,spine:anti_extension|pelvis:neutral_control,bodyweight,,prone_plank,,false,false,forearm_support,shoulder_width,support,bilateral,closed,false,1,mid,1.0|1.0|1.0,4,2,1,1,2,lever_length|external_load,
side_plank,Plancha Lateral,Side Plank,core,core,side_plank,anti_lateral_flexion,,,obliques:1.0|quadratus_lumborum:0.80|gluteus_medius:0.60,,spine:anti_lateral_flexion|hip:abduction_isometric,bodyweight,,side_plank,,false,false,forearm_support,neutral,support,unilateral,closed,false,1,mid,1.0|1.0|1.0,5,2,1,1,3,lever_length|top_leg_position|external_load,
pallof_press,Press Pallof,Pallof Press,core,core,pallof_press,anti_rotation,,,obliques:1.0|transversus_abdominis:0.80|rectus_abdominis:0.50,,spine:anti_rotation|shoulder:horizontal_press,cable,single_handle,standing,,false,false,two_hand,close,press_forward,bilateral,closed,false,2,mid,0.9|1.0|0.9,4,2,1,1,2,stance|cable_height|kneeling,
cable_trunk_rotation,Rotación de Tronco en Cable,Cable Trunk Rotation,core,core,trunk_rotation,rotation,,,obliques:1.0|rectus_abdominis:0.45|multifidus:0.35,,spine:rotation|hip:rotation_control,cable,single_handle,standing,,false,false,two_hand,close,extended,unilateral_direction,closed,false,3,balanced,0.9|1.0|0.9,4,2,2,1,3,cable_height|stance|hip_rotation,
high_to_low_cable_woodchop,Woodchop Alto-Bajo,High-to-Low Cable Woodchop,core,core,woodchop,rotation,,,obliques:1.0|rectus_abdominis:0.45|latissimus_dorsi:0.35,,spine:rotation_and_flexion|shoulder:diagonal_adduction,cable,single_handle,standing,,false,false,two_hand,close,diagonal,unilateral_direction,closed,true,3,balanced,0.9|1.0|0.9,4,3,2,1,3,cable_height|stance|hip_rotation,
dead_bug,Dead Bug,Dead Bug,core,core,dead_bug,anti_extension,,,rectus_abdominis:0.90|obliques:0.65|hip_flexors:0.35,,spine:anti_extension|hip:flexion_extension_control|shoulder:flexion_extension_control,bodyweight,,supine,,false,false,free,neutral,free,alternating,open,false,2,mid,1.0|1.0|1.0,3,1,1,1,2,limb_lever|external_load,
bird_dog,Bird Dog,Bird Dog,core,core,bird_dog,anti_rotation,,,multifidus:1.0|erector_spinae:0.70|gluteus_maximus:0.55|deltoid_anterior:0.25,,spine:anti_rotation|hip:extension|shoulder:flexion,bodyweight,,quadruped,,false,false,hand_support,shoulder_width,straight,alternating,closed,false,2,mid,1.0|1.0|1.0,4,1,2,1,2,pause|external_load,
hollow_body_hold,Hollow Body Hold,Hollow Body Hold,core,core,hollow_hold,anti_extension,,,rectus_abdominis:1.0|obliques:0.65|hip_flexors:0.45,,spine:anti_extension|pelvis:posterior_tilt,bodyweight,,supine,,false,false,free,neutral,overhead_or_sides,bilateral,open,false,1,mid,1.0|1.0|1.0,3,2,1,1,3,arm_position|leg_lever,
wrist_curl,Curl de Muñeca,Wrist Curl,strength,forearms,wrist_curl,wrist_flexion,,,wrist_flexors:1.0|finger_flexors:0.55,,wrist:flexion,barbell_or_dumbbell,,seated_supported,,false,false,supinated,medium,supported,bilateral,open,false,3,lengthened,0.4|1.0|0.7,1,1,1,3,1,equipment|grip_width,
wrist_extension,Extensión de Muñeca,Wrist Extension,strength,forearms,wrist_extension,wrist_extension,,,wrist_extensors:1.0,,wrist:extension,barbell_or_dumbbell,,seated_supported,,false,false,pronated,medium,supported,bilateral,open,false,3,lengthened,0.4|1.0|0.7,1,1,1,3,1,equipment|grip_width,
farmer_carry,Caminata del Granjero,Farmer Carry,strength,forearms,loaded_carry,carry,,,forearm_flexors:1.0|trapezius_upper:0.70|core:0.65|gluteus_medius:0.35,,hand:grip_isometric|spine:anti_lateral_flexion|hip:gait_stabilization,dumbbell_or_trap_bar,,walking,,false,false,neutral,single_each,straight,bilateral,closed,true,1,mid,1.0|1.0|1.0,5,5,3,5,3,implement|distance|unilateral,
dead_hang,Colgado Pasivo,Dead Hang,strength,forearms,dead_hang,grip_isometric,,,forearm_flexors:1.0|latissimus_dorsi:0.30|trapezius_lower:0.20,,hand:grip_isometric|shoulder:overhead_isometric,pullup_bar,,suspended,,false,false,pronated,medium,straight,bilateral,closed,false,1,mid,1.0|1.0|1.0,3,2,1,5,1,grip_width|one_arm|external_load,
plate_pinch_hold,Pinza de Discos,Plate Pinch Hold,strength,forearms,pinch_grip,grip_isometric,,,thumb_adductors:1.0|finger_flexors:0.80|forearm_flexors:0.60,,hand:pinch_isometric,weight_plates,,standing,,false,false,pinch,single_each,straight,bilateral,open,false,1,mid,1.0|1.0|1.0,2,1,1,5,1,plate_thickness|one_or_two_hand,
dumbbell_forearm_pronation_supination,Pronación y Supinación con Mancuerna,Dumbbell Forearm Pronation-Supination,strength,forearms,forearm_rotation,forearm_rotation,,,pronator_teres:0.85|pronator_quadratus:0.85|supinator:0.85|biceps_brachii:0.30,,forearm:pronation_supination,dumbbell,,seated_supported,,false,false,neutral,single,supported,unilateral,open,false,3,balanced,0.5|1.0|0.5,1,1,1,3,2,lever_length|elbow_angle,
wrist_roller,Rodillo de Muñeca,Wrist Roller,strength,forearms,wrist_roller,wrist_flexion_extension,,,wrist_flexors:1.0|wrist_extensors:1.0|finger_flexors:0.50,,wrist:flexion_extension|hand:grip_isometric,wrist_roller,,standing,,false,false,pronated,medium,extended_or_flexed,bilateral,open,false,3,balanced,1.0|1.0|1.0,3,2,1,5,2,direction|arm_position|load,
treadmill_walking,Caminata en Cinta,Treadmill Walking,cardio,full_body,treadmill_walk,locomotion,,,cardiovascular_system:1.0|quadriceps:0.45|gluteus_maximus:0.35|calves:0.30,,hip:flexion_extension|knee:flexion_extension|ankle:plantarflexion_dorsiflexion,treadmill,,walking,,false,false,neutral,neutral,neutral,bilateral,open,true,2,balanced,,2,3,1,1,1,speed|incline,
incline_treadmill_walking,Caminata Inclinada en Cinta,Incline Treadmill Walking,cardio,full_body,treadmill_walk,locomotion,,,cardiovascular_system:1.0|gluteus_maximus:0.60|calves:0.50|quadriceps:0.45,,hip:flexion_extension|knee:flexion_extension|ankle:plantarflexion_dorsiflexion,treadmill,,walking,,false,false,neutral,neutral,neutral,bilateral,open,true,2,balanced,,2,4,1,1,1,speed|incline,
treadmill_running,Carrera en Cinta,Treadmill Running,cardio,full_body,running,locomotion,,,cardiovascular_system:1.0|quadriceps:0.55|gluteus_maximus:0.50|calves:0.55,,hip:flexion_extension|knee:flexion_extension|ankle:plantarflexion_dorsiflexion,treadmill,,running,,false,false,neutral,neutral,neutral,bilateral,open,true,3,balanced,,4,5,1,1,3,speed|incline,
stationary_bike,Bicicleta Estática,Stationary Bike,cardio,legs,cycling,locomotion,,,cardiovascular_system:1.0|quadriceps:0.65|gluteus_maximus:0.40|hamstrings:0.30,,hip:flexion_extension|knee:flexion_extension|ankle:plantarflexion_control,stationary_bike,,seated,,false,false,neutral,neutral,neutral,bilateral,open,true,2,balanced,,1,4,1,1,1,resistance|cadence|seat_height,
elliptical_trainer,Elíptica,Elliptical Trainer,cardio,full_body,elliptical,locomotion,,,cardiovascular_system:1.0|quadriceps:0.45|gluteus_maximus:0.40|hamstrings:0.30,,hip:flexion_extension|knee:flexion_extension|shoulder:flexion_extension,elliptical,,standing,,false,false,neutral,neutral,neutral,bilateral,open,true,2,balanced,,2,4,1,1,1,resistance|cadence|incline,
rowing_ergometer,Remo Ergómetro,Rowing Ergometer,cardio,full_body,rowing_ergometer,locomotion,,,cardiovascular_system:1.0|quadriceps:0.55|latissimus_dorsi:0.45|upper_back:0.40|hamstrings:0.30,,knee:extension|hip:extension|shoulder:extension|elbow:flexion,rowing_ergometer,,seated_dynamic,,false,false,neutral,neutral,neutral,bilateral,open,true,3,balanced,,3,5,3,3,3,damper|stroke_rate,
stair_climber,Escaladora,Stair Climber,cardio,legs,stair_climber,locomotion,,,cardiovascular_system:1.0|quadriceps:0.60|gluteus_maximus:0.60|calves:0.35,,hip:extension|knee:extension|ankle:plantarflexion,stair_climber,,standing,,false,false,neutral,neutral,neutral,bilateral,open,true,2,balanced,,3,5,1,1,2,speed|hand_support,
air_bike,Air Bike,Air Bike,cardio,full_body,air_bike,locomotion,,,cardiovascular_system:1.0|quadriceps:0.55|gluteus_maximus:0.40|deltoids:0.30|triceps_brachii:0.25,,hip:flexion_extension|knee:flexion_extension|shoulder:flexion_extension|elbow:flexion_extension,air_bike,,seated_dynamic,,false,false,neutral,neutral,neutral,bilateral,open,true,2,balanced,,2,5,1,2,2,cadence|interval_duration,
90_90_hip_mobility,Movilidad de Cadera 90/90,90/90 Hip Mobility,mobility,hips,hip_90_90,hip_rotation,,,hip_rotators:1.0|adductors:0.50,,hip:internal_rotation_external_rotation,bodyweight,,seated,,false,false,neutral,neutral,neutral,bilateral,open,false,3,balanced,,2,1,1,1,2,active_or_passive|torso_lean,
band_shoulder_external_rotation,Rotación Externa de Hombro con Banda,Band Shoulder External Rotation,mobility,shoulders,shoulder_external_rotation,external_rotation,,,infraspinatus:1.0|teres_minor:0.85|deltoid_posterior:0.25,,shoulder:external_rotation,resistance_band,,standing,,false,false,neutral,neutral,neutral,bilateral,open,false,3,balanced,0.5|0.8|1.0,2,1,1,1,1,elbow_position|band_anchor,
cat_cow,Gato-Camello,Cat-Cow,mobility,spine,cat_cow,spinal_flexion_extension,,,spinal_erectors:0.50|abdominals:0.35,,spine:flexion_extension,bodyweight,,quadruped,,false,false,neutral,neutral,neutral,bilateral,closed,false,3,balanced,,2,1,1,1,1,segmental_control|breathing,
leg_swing_front_to_back,Balanceo de Pierna Anterior-Posterior,Leg Swing Front-to-Back,mobility,hips,leg_swing,hip_flexion_extension,,,hip_flexors:0.60|hamstrings:0.60|gluteus_maximus:0.35,,hip:flexion_extension,bodyweight,,standing_supported,,false,false,neutral,neutral,neutral,unilateral,open,false,3,dynamic,,3,1,1,1,2,swing_amplitude|support,
band_shoulder_dislocate,Dislocación de Hombro con Banda,Band Shoulder Dislocate,mobility,shoulders,shoulder_dislocate,shoulder_circumduction,,,deltoids:0.45|pectoralis_major:0.35|latissimus_dorsi:0.35|rotator_cuff:0.35,,shoulder:flexion_extension_external_rotation,resistance_band,,standing,,false,false,pronated,wide,neutral,bilateral,open,false,3,dynamic,0.3|0.5|0.7,2,1,1,1,2,grip_width|band_tension,
knee_to_wall_ankle_dorsiflexion,Dorsiflexión de Tobillo Rodilla a Pared,Knee-to-Wall Ankle Dorsiflexion,mobility,ankles,ankle_dorsiflexion_mobility,ankle_dorsiflexion,,,soleus:0.45|gastrocnemius:0.35|ankle_joint:1.0,,ankle:dorsiflexion,bodyweight,,split_stance,,false,false,neutral,neutral,neutral,unilateral,closed,false,3,lengthened,,2,1,1,1,1,heel_distance|knee_path,
doorway_chest_stretch,Estiramiento de Pectoral en Marco,Doorway Chest Stretch,stretch,chest,chest_stretch,stretch,,,pectoralis_major:1.0|deltoid_anterior:0.35,,shoulder:horizontal_abduction_external_rotation,doorway,,standing,,false,false,neutral,neutral,neutral,bilateral,open,false,3,lengthened,,1,1,1,1,1,arm_height|torso_rotation,
bench_lat_stretch,Estiramiento de Dorsal en Banco,Bench Lat Stretch,stretch,back,lat_stretch,stretch,,,latissimus_dorsi:1.0|teres_major:0.45|triceps_long_head:0.30,,shoulder:flexion|spine:extension_control,bench,,kneeling,,false,false,neutral,neutral,neutral,bilateral,open,false,3,lengthened,,2,1,1,1,1,hand_position|thoracic_extension,
half_kneeling_hip_flexor_stretch,Estiramiento de Flexor de Cadera,Half-Kneeling Hip Flexor Stretch,stretch,hips,hip_flexor_stretch,stretch,,,iliopsoas:1.0|rectus_femoris:0.45,,hip:extension|pelvis:posterior_tilt,bodyweight,,half_kneeling,,false,false,neutral,neutral,neutral,unilateral,open,false,3,lengthened,,2,1,1,1,1,rear_knee_flexion|arm_position,
hamstring_stretch,Estiramiento de Isquiotibiales,Hamstring Stretch,stretch,legs,hamstring_stretch,stretch,,,hamstrings:1.0,,hip:flexion|knee:extension,bodyweight,,seated_or_standing,,false,false,neutral,neutral,neutral,unilateral_or_bilateral,open,false,3,lengthened,,2,1,1,1,1,hip_position|knee_angle,
standing_quadriceps_stretch,Estiramiento de Cuádriceps,Standing Quadriceps Stretch,stretch,legs,quadriceps_stretch,stretch,,,quadriceps:1.0|hip_flexors:0.25,,knee:flexion|hip:extension_control,bodyweight,,standing_supported,,false,false,neutral,neutral,neutral,unilateral,open,false,3,lengthened,,3,1,1,1,1,hip_extension|support,
wall_calf_stretch,Estiramiento de Gemelo en Pared,Wall Calf Stretch,stretch,legs,calf_stretch,stretch,,,gastrocnemius:1.0|soleus:0.55,,ankle:dorsiflexion|knee:extension,wall,,split_stance,,false,false,neutral,neutral,neutral,unilateral,closed,false,3,lengthened,,2,1,1,1,1,knee_angle|foot_distance,
